,decade,title,author,act,normalizedGenre,numOfSpeakersMale,numOfSpeakersFemale,numOfActs,meanNEUTRAL,meanPOSITIVE,meanNEGATIVE,meanSKIP,meanSPEECH,countNEUTRAL,countPOSITIVE,countNEGATIVE,countSKIP,countSPEECH,avg_text_len,totalCOUNT,percentNEUTRAL,percentPOSITIVE,percentNEGATIVE,percentSKIP,percentSPEECH
23,1750,Приданое обманом,Сумароков,0,Comedy,4,1,0,0.869968416178284,0.887990658933466,0.83807670387129,0.66084525840623,0.756747990846634,207,11,48,42,2,62.4258064516129,310,66.7741935483871,3.54838709677419,15.4838709677419,13.5483870967742,0.645161290322581
34,1750,Ссора у мужа с женой,Сумароков,0,Comedy,4,4,0,0.82518954845992,0.804908998310566,0.832871869206429,0.635499381522338,,176,8,32,60,0,84.0289855072464,276,63.768115942029,2.89855072463768,11.5942028985507,21.7391304347826,0
40,1750,Тресотиниус,Сумароков,0,Comedy,10,1,0,0.788435511437117,0.842865439978513,0.738260835409164,0.640000875249054,0.598775416612625,102,11,18,33,2,103.843373493976,166,61.4457831325301,6.62650602409639,10.8433734939759,19.8795180722892,1.20481927710843
57,1760,Опекун,Сумароков,0,Comedy,5,3,0,0.825421595696322,0.762664034962654,0.771336719757173,0.627702996586308,,194,14,41,33,0,137.039007092199,282,68.7943262411348,4.9645390070922,14.5390070921986,11.7021276595745,0
68,1770,Вздорщица,Сумароков,0,Comedy,4,4,0,0.862583998574151,0.853494332595305,0.849260332909497,0.663888358324766,,225,11,77,80,0,63.6564885496183,393,57.2519083969466,2.79898218829517,19.5928753180662,20.3562340966921,0
102,1780,Пустая ссора,Сумароков,0,Comedy,4,3,0,0.811814728778662,0.785533916950226,0.804673759266734,0.648719929903746,,97,5,32,40,0,77.3390804597701,174,55.7471264367816,2.8735632183908,18.3908045977012,22.9885057471264,0
120,1780,Сговор Кутейкина,Плавильщиков,0,Comedy,6,3,0,0.811274029662676,0.824392139911652,0.719022280255029,0.684091973304749,0.854437902569771,107,10,43,70,4,90.1068376068376,234,45.7264957264957,4.27350427350427,18.3760683760684,29.9145299145299,1.70940170940171
186,1800,Пирог,Крылов,1,Comedy,6,3,1,0.835068516912516,0.844168541332086,0.822639566144826,0.643763890554165,0.810583617006029,171,48,81,87,7,75.1015228426396,394,43.4010152284264,12.1827411167513,20.5583756345178,22.0812182741117,1.77664974619289
192,1800,Урок дочкам,Крылов,0,Comedy,4,5,0,0.795980164424969,0.769775619340497,0.789828576824882,0.649816754373532,0.743610620498657,183,43,77,103,3,88.6674816625917,409,44.7432762836186,10.5134474327628,18.8264058679707,25.1833740831296,0.733496332518338
203,1810,Воздушные замки,Хмельницкий,0,Comedy,3,2,0,0.842382887314106,0.850422371050407,0.766502573660442,0.647231504321098,0.887449363867442,145,29,35,54,3,93.8045112781955,266,54.5112781954887,10.9022556390977,13.1578947368421,20.3007518796993,1.12781954887218
204,1810,Говорун,Хмельницкий,0,Comedy,3,9,0,0.842079259393629,0.821350736277444,0.784128685530863,0.618051654100418,0.545922815799713,121,14,38,40,1,100.214953271028,214,56.5420560747664,6.54205607476636,17.7570093457944,18.6915887850467,0.467289719626168
205,1810,Молодые супруги,Грибоедов,0,Comedy,2,1,0,0.847862151052271,0.813151563916888,0.735987058281899,0.649138512089849,0.814216867089272,196,21,50,48,6,81.202492211838,321,61.0591900311527,6.54205607476636,15.5763239875389,14.9532710280374,1.86915887850467
206,1810,"Не любо – не слушай, а лгать не мешай",Шаховской,0,Comedy,3,3,0,0.869508044199741,0.878332529749189,0.788405437785459,0.659627728648,0.831787064671516,282,21,83,77,4,74.2505353319058,467,60.3854389721627,4.49678800856531,17.7730192719486,16.4882226980728,0.856531049250535
224,1820,Взаимные испытания,Хмельницкий,0,Comedy,2,2,0,0.886386463031677,0.804993838899665,0.778889037841974,0.600845146179199,0.891796380281448,207,36,43,40,4,58.6454545454546,330,62.7272727272727,10.9090909090909,13.030303030303,12.1212121212121,1.21212121212121
239,1820,Наследница,Писарев,1,Comedy,3,1,1,0.85282903943743,0.799819336696105,0.758875837144644,0.645256240041025,0.867831607659658,175,22,46,62,3,92.2987012987013,308,56.8181818181818,7.14285714285714,14.9350649350649,20.1298701298701,0.974025974025974
243,1820,Светский случай,Хмельницкий,0,Comedy,4,2,0,0.863217462941366,0.839461970787782,0.786880081682875,0.640745338271646,,257,39,57,51,0,59.9257425742574,404,63.6138613861386,9.65346534653465,14.1089108910891,12.6237623762376,0
249,1830,Борис Годунов,Пушкин,0,NotStated,69,9,0,0.839503788778968,0.729118562170437,0.800437591969967,0.610142146165554,0.815267853438854,282,14,48,91,4,137.227790432802,439,64.2369020501139,3.18906605922551,10.9339407744875,20.7289293849658,0.911161731207289
250,1830,Каменный гость,Пушкин,0,NotStated,9,2,0,0.863543633551433,0.889750794360512,0.812820098563737,0.631422917048136,0.928295880556107,145,19,51,45,2,69.1374045801527,262,55.3435114503817,7.25190839694657,19.4656488549618,17.175572519084,0.763358778625954
251,1830,Моцарт и Сальери,Пушкин,0,NotStated,2,0,0,0.80583734313647,0.957182765007019,0.708341811384474,0.578827818234762,0.83600378036499,24,1,7,9,1,183.309523809524,42,57.1428571428571,2.38095238095238,16.6666666666667,21.4285714285714,2.38095238095238
252,1830,Пир во время чумы,Пушкин,0,NotStated,3,3,0,0.683708540030888,0.698442459106445,0.728421002626419,0.635708007216454,0.50728303194046,7,4,6,10,1,255.214285714286,28,25,14.2857142857143,21.4285714285714,35.7142857142857,3.57142857142857
258,1830,Русалка,Пушкин,0,NotStated,7,11,0,0.840348564386368,0.684289291501045,0.843234987362571,0.668370223045349,0.720791856447856,50,6,23,40,3,130.44262295082,122,40.9836065573771,4.91803278688525,18.8524590163934,32.7868852459016,2.45901639344262
259,1830,Скупой рыцарь,Пушкин,0,NotStated,5,0,0,0.829452822948324,,0.799380687150088,0.569409858612787,0.868764877319336,58,0,22,21,1,126.166666666667,102,56.8627450980392,0,21.5686274509804,20.5882352941176,0.980392156862745
260,1830,Странный человек,Лермонтов,0,NotStated,30,15,0,0.850613879806855,0.825972132060839,0.813483320897625,0.671752155601204,0.856681172053019,323,46,124,154,15,138.219033232628,662,48.7915407854985,6.94864048338369,18.7311178247734,23.2628398791541,2.26586102719033
261,1830,Сцены из рыцарских времен,Пушкин,0,NotStated,21,2,0,0.867836294830709,0.785656972364946,0.794659159886531,0.676713901487264,0.729878194630146,138,11,39,22,4,83.8831775700935,214,64.4859813084112,5.14018691588785,18.2242990654206,10.2803738317757,1.86915887850467
262,1830,Утро делового человека,Гоголь,0,NotStated,4,1,0,0.872106809232195,0.981708159049352,0.774140467246374,0.598500106069777,0.841277368366718,59,6,6,9,4,100.190476190476,84,70.2380952380952,7.14285714285714,7.14285714285714,10.7142857142857,4.76190476190476
263,1830,"Хороша и дурна, и глупа и умна",Ленский,0,Comedy,4,2,0,0.836262677246606,0.860823679602507,0.810022831350178,0.643634507501567,0.750837017189373,283,66,77,108,11,92,545,51.9266055045872,12.1100917431193,14.1284403669725,19.8165137614679,2.01834862385321
264,1840,Актер,Некрасов,0,Comedy,6,2,0,0.848654060757586,0.832178330782688,0.819569497307142,0.647943392892679,0.6101199015975,112,33,30,60,4,99.928870292887,239,46.8619246861925,13.8075313807531,12.5523012552301,25.1046025104603,1.67364016736402
265,1840,"Где тонко, там и рвётся",Тургенев,0,Comedy,6,4,0,0.892497138812756,0.883696463372972,0.778740318966847,0.637218090040343,0.937728367745876,312,54,51,56,8,95.3056133056133,481,64.8648648648649,11.2266112266112,10.6029106029106,11.6424116424116,1.66320166320166
268,1840,Завтрак у предводителя,Тургенев,0,NotStated,10,1,0,0.871562645072847,0.830388767023881,0.773785967499979,0.615140978027793,0.817709209287868,319,12,62,51,17,83.0802603036876,461,69.1973969631237,2.60303687635575,13.4490238611714,11.0629067245119,3.68763557483731
269,1840,Игроки,Гоголь,0,Comedy,9,0,0,0.880626099850192,0.81525747789893,0.775071980084403,0.578459837719014,0.725912362337112,330,43,59,38,8,101.872384937239,478,69.0376569037657,8.99581589958159,12.3430962343096,7.94979079497908,1.67364016736402
270,1840,Лакейская,Гоголь,0,NotStated,7,2,0,0.866114783172424,0.791567349433899,0.689378187060356,0.626493495702744,0.480438381433487,52,5,10,10,1,100.076923076923,78,66.6666666666667,6.41025641025641,12.8205128205128,12.8205128205128,1.28205128205128
275,1840,Неосторожность,Тургенев,0,NotStated,4,2,0,0.856354944190933,0.754892717237058,0.807237784266472,0.588016826311747,0.645451247692108,206,23,100,75,4,121.323529411765,408,50.4901960784314,5.63725490196079,24.5098039215686,18.3823529411765,0.980392156862745
276,1840,Отрывок,Гоголь,0,NotStated,3,1,0,0.868706759524672,0.891088545322418,0.773315924185294,0.611086566533361,0.724952101707459,73,4,27,14,2,166.391666666667,120,60.8333333333333,3.33333333333333,22.5,11.6666666666667,1.66666666666667
277,1840,Семейная картина,Островский,0,NotStated,2,4,0,0.827814960653342,0.893940574593014,0.780199721455574,0.629311047072681,0.952623754739761,103,9,28,53,2,134.220512820513,195,52.8205128205128,4.61538461538462,14.3589743589744,27.1794871794872,1.02564102564103
278,1840,Театральный разъезд после представления новой комедии,Гоголь,0,NotStated,88,4,0,0.871317498923577,0.789314790566762,0.841345134208787,0.578105970223745,0.831233441829681,194,15,53,15,2,196.974910394265,279,69.5340501792115,5.37634408602151,18.9964157706093,5.37634408602151,0.716845878136201
279,1840,Тяжба,Гоголь,0,NotStated,3,0,0,0.871295522277554,0.68428410589695,0.78754612532529,0.631917083263397,0.68123471736908,48,4,11,5,1,140.63768115942,69,69.5652173913043,5.79710144927536,15.9420289855072,7.2463768115942,1.44927536231884
285,1840,Юность Ломоносова,Некрасов,0,NotStated,3,1,0,0.767201042175293,0.902126526832581,0.828989674647649,0.62512571496122,0.857366740703583,30,5,12,17,1,150.938461538462,65,46.1538461538462,7.69230769230769,18.4615384615385,26.1538461538462,1.53846153846154
294,1850,Блонды,Прутков,0,NotStated,2,1,0,0.902356379010059,0.778994520505269,0.823570717783535,0.641520172357559,0.939663112163544,54,9,17,10,2,79.6195652173913,92,58.6956521739131,9.78260869565217,18.4782608695652,10.8695652173913,2.17391304347826
297,1850,Вечер в Сорренте,Тургенев,0,NotStated,5,2,0,0.888737939247469,0.813249020015492,0.760322843988737,0.742565023899078,0.890855312347412,147,17,30,30,2,80.3407079646018,226,65.0442477876106,7.52212389380531,13.2743362831858,13.2743362831858,0.884955752212389
298,1850,Воспитанница,Островский,0,NotStated,4,6,0,0.826749219670651,0.870278420858085,0.842860136383264,0.629705088577051,0.944807521998882,309,32,129,87,8,87.1203539823009,565,54.6902654867257,5.66371681415929,22.8318584070797,15.3982300884956,1.41592920353982
324,1850,Не сошлись характерами!,Островский,0,NotStated,7,6,0,0.872532311277311,0.767785967638095,0.803921693219588,0.617534165403673,0.869574440377099,244,24,52,56,7,82.6631853785901,383,63.7075718015666,6.26631853785901,13.5770234986945,14.621409921671,1.82767624020888
332,1850,Неожиданный случай,Островский,0,NotStated,2,2,0,0.858145965660205,0.815608016469262,0.830338340090669,0.616637564897537,0.686689674854279,244,33,92,25,9,81.3870967741936,403,60.545905707196,8.18858560794045,22.8287841191067,6.20347394540943,2.23325062034739
336,1850,Праздничный сон — до обеда,Островский,0,NotStated,2,8,0,0.854706338364212,0.823546864589055,0.825070496215377,0.610843595049598,0.904170358882231,311,30,86,55,17,63.3507014028056,499,62.3246492985972,6.01202404809619,17.2344689378758,11.0220440881764,3.40681362725451
337,1850,Провинциалка,Тургенев,0,Comedy,5,2,0,0.875942126909892,0.792877297420971,0.761346784454805,0.600756599789574,0.666252881288528,375,61,54,63,2,79.4558558558559,555,67.5675675675676,10.990990990991,9.72972972972973,11.3513513513514,0.36036036036036
338,1850,Разговор на большой дороге,Тургенев,0,NotStated,3,0,0,0.844788935805155,0.82511003613472,0.797815947338592,0.628189965018204,0.806514799594879,121,10,43,28,1,105.532019704434,203,59.6059113300493,4.92610837438424,21.1822660098522,13.7931034482759,0.492610837438424
349,1850,Спор древних греческих философов об изящном,Прутков,0,NotStated,2,0,0,0.885315988745008,0.771077413450588,0.57360565662384,0.611105054616928,,14,11,3,4,0,30.71875,32,43.75,34.375,9.375,12.5,0
350,1850,Утро молодого человека,Островский,0,NotStated,9,0,0,0.874675586725931,0.869154053429763,0.836426514116201,0.565035904447238,0.770676205555598,159,12,22,18,3,75.1542056074766,214,74.2990654205608,5.60747663551402,10.2803738317757,8.41121495327103,1.40186915887851
351,1850,Фантазия,Прутков,0,Comedy,8,4,0,0.850545489726289,0.81995755072796,0.853441103341732,0.699762434744444,0.93301006158193,193,33,47,61,6,70.8676470588235,340,56.7647058823529,9.70588235294118,13.8235294117647,17.9411764705882,1.76470588235294
352,1850,Чиновник,Соллогуб,0,Comedy,5,1,0,0.8953199647367,0.8699467276985,0.791299203860349,0.601631281276544,0.855643153190613,384,22,58,48,4,100.21511627907,516,74.4186046511628,4.26356589147287,11.2403100775194,9.30232558139535,0.775193798449612
368,1860,Дмитрий Самозванец и Василий Шуйский,Островский,0,NotStated,70,5,0,0.791308669292409,0.792467443893353,0.762204598449171,0.624796243421003,0.744127727217145,552,24,160,204,9,109.539515279241,949,58.1664910432034,2.52897787144363,16.8598524762908,21.4963119072708,0.948366701791359
369,1860,"За чем пойдешь, то и найдешь (Женитьба Бальзаминова)",Островский,0,NotStated,2,7,0,0.851083220095835,0.805750287714459,0.797803008331443,0.649045686358991,0.805751343568166,428,42,106,92,6,82.8709198813056,674,63.5014836795252,6.23145400593472,15.7270029673591,13.6498516320475,0.890207715133531
377,1860,"Опрометчивый Турка, или: Приятно ли быть внуком?",Прутков,0,NotStated,6,1,0,0.868558919855527,,0.830168947577477,0.680454701185226,,28,0,4,4,0,232.75,36,77.7777777777778,0,11.1111111111111,11.1111111111111,0
378,1860,Пучина,Островский,0,NotStated,13,6,0,0.855105397306264,0.830031000822783,0.796220776951237,0.609187866871556,0.819780118763447,504,40,157,96,16,82.7933579335793,813,61.9926199261993,4.92004920049201,19.3111931119311,11.8081180811808,1.9680196801968
384,1860,"Свои собаки грызутся, чужая не приставай",Островский,0,NotStated,2,6,0,0.870993049173225,0.874128334224224,0.767194896108574,0.564468632340431,0.761500189701716,293,36,72,50,6,80.4157549234136,457,64.1137855579869,7.87746170678337,15.7549234135667,10.9409190371991,1.3129102844639
404,1860,"Черепослов, сиречь Френолог",Прутков,0,NotStated,7,2,0,0.848861515522003,0.811813067448767,0.758912158363006,0.627161287344419,,55,19,17,26,0,70.2649572649573,117,47.008547008547,16.2393162393162,14.5299145299145,22.2222222222222,0
475,1880,Медведь,Чехов,0,Comedy,2,1,0,0.862754466598981,0.772171208262444,0.807352131267764,0.614472856745124,0.626778781414032,73,10,53,16,1,127.111111111111,153,47.7124183006536,6.5359477124183,34.640522875817,10.4575163398693,0.65359477124183
476,1880,На большой дороге,Чехов,0,NotStated,7,3,0,0.820121388331704,0.826802527904511,0.780957313002767,0.64506032142569,0.914439260959625,115,5,74,68,2,98.3598484848485,264,43.5606060606061,1.89393939393939,28.030303030303,25.7575757575758,0.757575757575758
484,1880,Ночь перед судом,Чехов,0,NotStated,3,1,0,0.906233302503824,0.873371732234955,0.826343704015017,0.641427384181456,0.69597715139389,40,5,16,11,2,125.121621621622,74,54.0540540540541,6.75675675675676,21.6216216216216,14.8648648648649,2.7027027027027
485,1880,Предложение,Чехов,0,Comedy,2,1,0,0.847004705667496,0.853578799444696,0.863984457164441,0.656210092206796,0.775280654430389,95,23,53,24,2,89.1573604060914,197,48.2233502538071,11.6751269035533,26.9035532994924,12.1827411167513,1.01522842639594
486,1880,Сродство мировых сил,Прутков,0,NotStated,1,0,0,0.619790051132441,,0.780961751937866,0.6729490061601,,8,0,2,6,0,225.5,16,50,0,12.5,37.5,0
487,1880,Татьяна Репина,Чехов,1,NotStated,18,5,1,0.804016750828128,0.791868044571443,0.865800231695175,0.713199124691334,0.822007553918021,107,11,43,94,7,69.5152671755725,262,40.8396946564886,4.19847328244275,16.412213740458,35.8778625954199,2.67175572519084
488,1880,Трагик поневоле (Из дачной жизни),Чехов,1,Comedy,2,0,1,0.864680213587625,0.943684101104736,0.869466155767441,0.706970930099487,0.954411387443543,14,1,12,2,1,318.1,30,46.6666666666667,3.33333333333333,40,6.66666666666667,3.33333333333333
497,1890,Свадьба,Чехов,1,NotStated,10,3,1,0.812144651495177,0.845141603549321,0.855775576213311,0.612569728964253,0.817332327365875,87,15,29,19,4,120.084415584416,154,56.4935064935065,9.74025974025974,18.8311688311688,12.3376623376623,2.5974025974026
502,1890,Юбилей,Чехов,1,Comedy,3,2,1,0.808589302656943,0.863214042782784,0.842678219079971,0.628246840834618,0.962620282173157,57,10,41,20,5,135.15037593985,133,42.8571428571429,7.5187969924812,30.8270676691729,15.0375939849624,3.7593984962406
503,1900,Балаганчик,Блок,0,NotStated,11,4,0,0.889550871175268,0.904890696207682,0.740559283643961,0.665972513811929,,46,9,8,14,0,97.5974025974026,77,59.7402597402597,11.6883116883117,10.3896103896104,18.1818181818182,0
530,1900,Незнакомка,Блок,0,NotStated,28,4,0,0.843431049636726,0.816333725400593,0.763602152466774,0.672596789323367,0.51933990418911,116,23,24,26,2,79.717277486911,191,60.7329842931937,12.0418848167539,12.565445026178,13.6125654450262,1.04712041884817
544,1910,Актеон,Гумилёв,0,NotStated,10,5,0,0.830254463478923,0.818179033696652,0.701169051907279,0.614823746053796,0.909160047769547,48,4,11,19,2,77.5952380952381,84,57.1428571428571,4.76190476190476,13.0952380952381,22.6190476190476,2.38095238095238
552,1910,Дитя Аллаха,Гумилёв,0,NotStated,16,2,0,0.820506919021449,0.760480982065201,0.800254961175303,0.65420996524253,0.782311350107193,121,15,31,53,4,90.3705357142857,224,54.0178571428571,6.69642857142857,13.8392857142857,23.6607142857143,1.78571428571429
553,1910,Дон-Жуан в Египте,Гумилёв,0,NotStated,3,1,0,0.925139018644889,0.876880685488383,0.78905576467514,0.623789424697558,,48,9,7,12,0,92.0921052631579,76,63.1578947368421,11.8421052631579,9.21052631578947,15.7894736842105,0
584,1920,Закат,Бабель,0,NotStated,27,8,0,0.883482810803146,0.865337026119232,0.817221033832301,0.697160883744558,0.884495619270537,403,25,92,90,9,56.0807754442649,619,65.1050080775444,4.03877221324717,14.8626817447496,14.5395799676898,1.45395799676898
588,1920,Клоп,Маяковский,0,Comedy,71,12,0,0.848569925068415,0.806762661622918,0.827705326179663,0.62232925384133,0.559965461492539,171,23,60,54,2,122.474193548387,310,55.1612903225807,7.41935483870968,19.3548387096774,17.4193548387097,0.645161290322581
621,1930,Мария,Бабель,0,NotStated,14,8,0,0.888350654899338,0.838438824603432,0.840261400551409,0.62096776121429,0.918828209241231,405,19,74,56,6,82.5589285714286,560,72.3214285714286,3.39285714285714,13.2142857142857,10,1.07142857142857
